{"points_2d": [[1338, 294], [1460, 126], [1556, 191], [1699, 295], [1569, 465], [1423, 369]], "ground_truth": ["7.3589", "-6.9258", "4.9583", "0.4835", "0.2087", "0.3369", "0.7805"], "camera_matrix": [2666.666666666667, 0.0, 960.0, 0.0, 2250.0, 540.0, 0.0, 0.0, 1.0], "object_matrix": [0.47095736861228943, 0.197030171751976, 0.14363177120685577, 0.0, -0.24382570385932922, 0.38057026267051697, 0.2774294912815094, 3.9160709381103516, 0.0, -0.3124054968357086, 0.4285494089126587, 0.0]}