{"points_2d": [[1417, 1707], [1419, 1674], [1435, 1635], [1440, 1632], [1479, 1615], [1516, 1608], [1555, 1603], [1594, 1601], [1633, 1600], [1672, 1600], [1709, 1601], [1747, 1604], [1786, 1610], [1824, 1623], [1842, 1636], [1854, 1675], [1855, 1715], [1853, 1752], [1838, 1790], [1823, 1801], [1785, 1817], [1745, 1825], [1719, 1828], [1708, 1830], [1670, 1832], [1630, 1833], [1592, 1833], [1554, 1831], [1530, 1828], [1516, 1826], [1478, 1818], [1439, 1800], [1427, 1788], [1418, 1751], [1417, 1713], [1418, 1730], [1848, 1777], [1854, 1729], [1853, 1696], [1853, 1674], [1466, 1619], [1429, 1642], [1418, 1678]], "ground_truth": ["0.0090", "-5.6855", "1.1703", "0.6915", "0.0000", "0.0000", "0.7224"], "camera_matrix": [4469.33349609375, 0.0, 1920.0, 0.0, 3771.0001373291016, 1080.0, 0.0, 0.0, 1.0], "object_matrix": [3.589324037989172e-08, 0.0, -0.47542035579681396, -0.35383814573287964, 0.0, 0.47542035579681396, 0.0, 0.0, 0.47542035579681396, 0.0, 3.589324037989172e-08, 0.15241947770118713]}