{"points_2d": [[479, 615], [482, 600], [490, 586], [515, 559], [532, 546], [552, 535], [574, 523], [599, 513], [626, 504], [654, 495], [684, 488], [715, 481], [747, 476], [780, 472], [814, 468], [847, 466], [882, 465], [916, 464], [949, 465], [983, 467], [1016, 470], [1047, 474], [1078, 479], [1108, 486], [1136, 493], [1162, 501], [1186, 510], [1208, 520], [1228, 531], [1245, 543], [1258, 555], [1269, 569], [1280, 597], [1279, 614], [1275, 629], [1253, 659], [1236, 674], [1214, 688], [1189, 701], [1160, 714], [1127, 725], [1091, 736], [1053, 744], [1011, 752], [968, 757], [924, 761], [879, 763], [834, 763], [789, 761], [746, 758], [705, 752], [666, 745], [630, 737], [597, 727], [568, 716], [543, 704], [522, 690], [505, 676], [492, 662], [483, 647], [479, 631], [479, 615]], "ground_truth": ["-0.0329", "-17.2755", "9.3879", "0.6440", "-0.0059", "-0.0070", "0.7650"], "camera_matrix": [2666.666666666667, 0.0, 960.0, 0.0, 2250.0, 540.0, 0.0, 0.0, 1.0], "object_matrix": [2.9968771934509277, 0.0, -0.13684852421283722, 1.3702411651611328, 0.0, 3.0, 0.0, -0.7720860242843628, 0.13684852421283722, 0.0, 2.9968771934509277, 4.436590194702148]}