{"points_2d": [[2526, 2069], [2529, 2056], [2540, 2020], [2552, 1982], [2551, 1943], [2543, 1905], [2532, 1864], [2553, 1858], [2589, 1867], [2593, 1867], [2632, 1875], [2670, 1880], [2708, 1884], [2745, 1886], [2785, 1888], [2823, 1890], [2861, 1885], [2900, 1882], [2939, 1877], [2976, 1870], [2986, 1906], [2974, 1941], [2975, 1946], [2974, 1983], [2976, 2010], [2976, 2021], [2989, 2061], [2975, 2093], [2937, 2081], [2899, 2075], [2859, 2069], [2821, 2064], [2786, 2058], [2782, 2055], [2744, 2058], [2738, 2059], [2735, 2058], [2707, 2056], [2695, 2059], [2668, 2060], [2645, 2058], [2641, 2059], [2629, 2061], [2591, 2066], [2550, 2073], [2976, 2011], [2990, 1893], [2712, 1884], [2530, 2052]], "ground_truth": ["0.0090", "-5.6855", "1.1703", "0.6915", "0.0000", "0.0000", "0.7224"], "camera_matrix": [4469.33349609375, 0.0, 1920.0, 0.0, 3771.0001373291016, 1080.0, 0.0, 0.0, 1.0], "object_matrix": [-0.08338774740695953, 0.16565431654453278, 0.0, 0.8131803274154663, -0.16565431654453278, -0.08338774740695953, 0.0, -1.4179068803787231, 0.0, 0.0, 0.18545854091644287, 0.02528737671673298]}