{"points_2d": [[479, 1002], [487, 980], [498, 952], [507, 928], [514, 908], [520, 894], [508, 885], [505, 871], [502, 854], [498, 830], [494, 806], [492, 795], [488, 775], [485, 757], [490, 744], [504, 741], [509, 740], [528, 738], [548, 737], [571, 737], [589, 737], [606, 738], [621, 742], [626, 744], [645, 752], [663, 760], [684, 770], [694, 782], [696, 801], [690, 820], [681, 831], [670, 840], [681, 844], [689, 856], [683, 876], [679, 878], [680, 908], [684, 928], [689, 954], [695, 984], [700, 1008], [683, 985], [676, 956], [670, 931], [665, 911], [660, 890], [640, 885], [621, 887], [614, 901], [614, 919], [613, 941], [612, 967], [611, 987], [604, 988], [600, 967], [600, 942], [600, 919], [600, 902], [600, 890], [585, 890], [581, 898], [580, 920], [579, 941], [577, 968], [576, 1000], [574, 1025], [565, 1026], [563, 1000], [564, 969], [564, 941], [565, 920], [565, 906], [565, 894], [544, 892], [534, 899], [521, 930], [511, 954], [499, 981], [490, 1002], [489, 1002], [681, 877], [678, 843], [630, 746], [589, 737], [538, 737], [504, 741]], "ground_truth": ["7.7016", "-0.1525", "1.3425", "0.5000", "0.5000", "0.5000", "0.5000"], "camera_matrix": [2666.666666666667, 0.0, 960.0, 0.0, 2250.0, 540.0, 0.0, 0.0, 1.0], "object_matrix": [-0.6361514925956726, -0.7715641856193542, 0.0, 0.0, 0.7715641856193542, -0.6361514925956726, 0.0, -1.2340445518493652, 0.0, 0.0, 1.0, 0.0]}